City_ID,City,Country,Lat,Lng,Max Temp,Humidity,Cloudiness,Wind Speed,Current Description
0,Punta Arenas,CL,-53.15,-70.9167,60.91,48,40,36.82,scattered clouds
1,Egvekinot,RU,66.3167,-179.1667,12.34,97,100,2.17,light snow
2,Saldanha,ZA,-33.0117,17.9442,71.65,71,50,33.8,scattered clouds
3,Upernavik,GL,72.7868,-56.1549,-1.59,92,100,2.84,overcast clouds
4,Cherskiy,RU,68.75,161.3,-19.68,95,100,1.23,overcast clouds
5,Bonavista,CA,48.6499,-53.1147,25.97,60,40,3.38,scattered clouds
6,Ushuaia,AR,-54.8,-68.3,58.66,47,20,26.46,few clouds
7,Moree,AU,-29.4667,149.85,78.57,52,4,13.56,clear sky
8,Atuona,PF,-9.8,-139.0333,78.71,79,97,20.42,overcast clouds
9,Port Alfred,ZA,-33.5906,26.891,68.18,90,39,5.01,light rain
10,Cape Town,ZA,-33.9258,18.4232,68.11,54,40,27.63,scattered clouds
11,New Norfolk,AU,-42.7826,147.0587,60.3,68,48,2.26,scattered clouds
12,Gat,IL,31.61,34.7642,65.8,21,12,4.88,few clouds
13,Plettenberg Bay,ZA,-34.0527,23.3716,63.36,85,100,13.44,light rain
14,Saint-Philippe,RE,-21.3585,55.7679,80.19,90,100,2.1,overcast clouds
15,Pisco,PE,-13.7,-76.2167,75.25,83,0,11.5,clear sky
16,Narsaq,GL,60.9167,-46.05,21.29,69,100,22.86,overcast clouds
17,Yellowknife,CA,62.456,-114.3525,-14.28,76,20,17.27,few clouds
18,Shimoda,JP,34.6667,138.95,34.11,73,8,21.74,clear sky
19,Kapaa,US,22.0752,-159.319,70.12,80,20,10.36,few clouds
20,Corrales,US,35.2378,-106.6067,43.0,44,0,15.01,clear sky
21,Wunsiedel,DE,50.0333,12.0167,26.35,88,49,1.01,scattered clouds
22,Atar,MR,20.5169,-13.0499,72.64,25,65,12.91,broken clouds
23,Dingle,PH,10.9995,122.6711,74.43,93,94,12.55,light rain
24,Mataura,NZ,-46.1927,168.8643,48.33,98,0,0.85,clear sky
25,Gemena,CD,3.25,19.7667,86.95,34,97,1.92,overcast clouds
26,Hermanus,ZA,-34.4187,19.2345,65.8,70,100,17.2,overcast clouds
27,Karaton,ID,-6.3424,106.1045,74.1,96,100,4.0,overcast clouds
28,Kargasok,RU,59.0556,80.8572,20.8,96,100,7.16,light snow
29,Medina,SA,24.4686,39.6142,75.63,31,0,8.05,clear sky
30,Busselton,AU,-33.65,115.3333,57.78,72,29,14.03,scattered clouds
31,Marrakesh,MA,31.6315,-8.0083,59.07,41,40,9.22,scattered clouds
32,Guerrero Negro,MX,27.9769,-114.0611,61.25,47,94,4.52,overcast clouds
33,Lebu,CL,-37.6167,-73.65,64.76,63,0,20.54,clear sky
34,Vaini,TO,-21.2,-175.2,77.16,94,40,5.75,light rain
35,Gharghoda,IN,22.1667,83.35,68.38,43,0,3.56,clear sky
36,Cairns,AU,-16.9167,145.7667,80.06,94,40,5.75,scattered clouds
37,Seoul,KR,37.5683,126.9778,20.64,60,0,1.14,clear sky
38,Adre,TD,13.4667,22.2,80.22,12,48,4.0,scattered clouds
39,Castro,BR,-24.7911,-50.0119,82.85,46,0,6.02,clear sky
40,Khatanga,RU,71.9667,102.5,-25.42,90,30,8.79,scattered clouds
41,Hobart,AU,-42.8794,147.3294,60.66,82,38,5.75,scattered clouds
42,Hithadhoo,MV,-0.6,73.0833,81.79,76,88,12.62,overcast clouds
43,Bredasdorp,ZA,-34.5322,20.0403,62.4,66,100,13.49,overcast clouds
44,Rikitea,PF,-23.1203,-134.9692,78.46,74,62,10.33,broken clouds
45,Nome,US,64.5011,-165.4064,22.15,100,100,10.36,mist
46,Nouakchott,MR,18.0858,-15.9785,80.53,23,24,12.19,few clouds
47,Fortuna,US,40.5982,-124.1573,46.92,91,100,3.0,overcast clouds
48,Buala,SB,-8.145,159.5921,78.58,82,80,1.45,light rain
49,Bay City,US,43.5945,-83.8889,29.1,67,0,9.22,clear sky
50,Bereda,ES,43.2686,-7.5406,41.41,93,68,8.23,broken clouds
51,Payson,US,40.0444,-111.7321,33.91,90,100,6.91,light snow
52,Jalingo,NG,8.8833,11.3667,93.43,20,60,2.48,broken clouds
53,Binzhou,CN,37.3667,118.0167,27.21,26,0,8.12,clear sky
54,Ternate,ID,0.8,127.4,78.66,84,100,6.98,overcast clouds
55,Tunduma,TZ,-9.3,32.7667,60.3,92,100,1.54,moderate rain
56,Rawson,AR,-43.3002,-65.1023,80.46,27,0,5.06,clear sky
57,Plattsburgh,US,44.6995,-73.4529,40.41,74,75,5.75,mist
58,Beira,MZ,-19.8436,34.8389,87.89,55,20,5.75,few clouds
59,Dikson,RU,73.5069,80.5464,-11.94,97,100,8.43,overcast clouds
60,Khalkis,GR,38.4636,23.5994,53.78,61,27,5.41,scattered clouds
61,Jamestown,US,42.097,-79.2353,33.94,69,75,11.5,broken clouds
62,Craig,US,40.5153,-107.5464,28.02,80,100,8.05,overcast clouds
63,Chunskiy,RU,56.0815,99.6342,18.25,97,100,2.77,light snow
64,Kaitangata,NZ,-46.2817,169.8464,49.48,92,5,3.22,clear sky
65,Kembe,CF,4.6228,21.8865,85.42,21,21,3.36,few clouds
66,Dunedin,NZ,-45.8742,170.5036,56.8,81,12,1.99,few clouds
67,Erzin,TR,36.9559,36.2,49.24,72,50,5.79,scattered clouds
68,Mogadishu,SO,2.0371,45.3438,76.96,80,0,23.47,clear sky
69,Hasaki,JP,35.7333,140.8333,30.6,41,56,12.26,broken clouds
70,Georgetown,MY,5.4112,100.3354,80.53,86,20,10.36,few clouds
71,Mahebourg,MU,-20.4081,57.7,79.25,89,75,3.44,broken clouds
72,Albany,US,42.6001,-73.9662,44.35,48,41,1.99,scattered clouds
73,Puerto Carreno,CO,6.189,-67.4859,85.98,51,0,10.36,clear sky
74,Thompson,CA,55.7435,-97.8558,-23.64,69,20,9.22,few clouds
75,Patitirion,GR,39.15,23.8667,43.38,60,5,11.45,clear sky
76,Nouadhibou,MR,20.931,-17.0347,75.18,31,93,21.85,overcast clouds
77,Xai-Xai,MZ,-25.0519,33.6442,77.34,81,6,8.66,clear sky
78,Seymchan,RU,62.8833,152.4333,-26.18,100,99,3.31,overcast clouds
79,Manzil Salim,TN,35.8567,8.4765,41.54,76,43,12.48,scattered clouds
80,Ust-Koksa,RU,50.2696,85.6108,3.54,90,64,0.94,broken clouds
81,Yulara,AU,-25.2406,130.9889,75.11,76,100,3.24,overcast clouds
82,Pevek,RU,69.7008,170.3133,-2.96,93,100,3.06,overcast clouds
83,Longyearbyen,SJ,78.2186,15.6401,22.84,74,40,18.41,scattered clouds
84,Tuktoyaktuk,CA,69.4541,-133.0374,-23.8,76,0,8.05,clear sky
85,Leningradskiy,RU,69.3833,178.4167,1.49,95,100,11.83,overcast clouds
86,Besikduzu,TR,41.052,39.2284,53.49,67,100,5.44,overcast clouds
87,El Silencio,VE,10.5,-66.9167,77.83,46,20,6.91,few clouds
88,Vagur,FO,61.4732,-6.8119,44.33,81,100,31.81,overcast clouds
89,Avarua,CK,-21.2078,-159.775,78.85,83,40,10.36,scattered clouds
90,Souillac,MU,-20.5167,57.5167,79.18,89,75,3.44,broken clouds
91,Flinders,AU,-34.5833,150.8552,75.38,91,98,5.99,overcast clouds
92,Pangnirtung,CA,66.1451,-65.7125,-31.0,61,20,2.3,few clouds
93,Grindavik,IS,63.8424,-22.4338,41.47,81,75,21.85,broken clouds
94,Puerto Ayora,EC,-0.7393,-90.3518,82.36,91,51,5.99,broken clouds
95,Nancha,CN,47.1333,129.2667,-19.28,98,20,2.04,few clouds
96,Carutapera,BR,-1.195,-46.02,83.25,66,100,5.84,overcast clouds
97,Coahuayana,MX,18.7333,-103.6833,88.65,21,4,3.02,clear sky
98,Turukhansk,RU,65.8167,87.9833,9.1,95,100,8.72,light snow
99,Tiksi,RU,71.6872,128.8694,-26.27,99,100,3.62,overcast clouds
100,Rondonopolis,BR,-16.4708,-54.6356,80.2,80,87,6.49,overcast clouds
101,Iquitos,PE,-3.7481,-73.2472,86.04,79,75,5.75,broken clouds
102,Provideniya,RU,64.3833,-173.3,15.15,96,100,2.59,overcast clouds
103,Sao Filipe,CV,14.8961,-24.4956,75.16,69,36,10.87,scattered clouds
104,Saskylakh,RU,71.9167,114.0833,-42.41,100,98,3.04,overcast clouds
105,Lima,PE,-12.0432,-77.0282,75.45,69,0,8.05,clear sky
106,Cacu,BR,-18.5567,-51.1308,81.93,63,83,9.95,broken clouds
107,Baruun-Urt,MN,46.6806,113.2792,4.44,85,25,9.44,scattered clouds
108,Gabu,GW,12.2833,-14.2167,100.62,9,91,8.46,overcast clouds
109,Mar Del Plata,AR,-38.0023,-57.5575,81.82,80,20,13.8,few clouds
110,Chuy,UY,-33.6971,-53.4616,79.02,67,98,4.97,overcast clouds
111,Lagoa,PT,39.05,-27.9833,57.25,78,70,13.24,broken clouds
112,Haines Junction,CA,60.7522,-137.5108,-0.47,100,97,0.85,overcast clouds
113,Taoudenni,ML,22.6783,-3.9836,69.17,17,39,3.33,scattered clouds
114,Butaritari,KI,3.0707,172.7902,80.92,78,13,25.7,few clouds
115,Kahului,US,20.8947,-156.47,70.84,96,100,6.91,heavy intensity rain
116,Goma,CD,-1.6792,29.2228,68.27,70,52,2.89,broken clouds
117,Cabrero,CL,-37.0333,-72.4,76.95,12,0,10.78,clear sky
118,Nikolskoye,RU,59.7035,30.7861,22.91,87,97,11.45,overcast clouds
119,Bethel,US,41.3712,-73.414,49.19,52,22,11.01,few clouds
120,Skjervoy,NO,70.0311,20.9714,33.8,67,99,23.35,light snow
121,Hilo,US,19.7297,-155.09,70.29,86,40,5.99,moderate rain
122,Tocopilla,CL,-22.092,-70.1979,74.5,74,82,6.82,broken clouds
123,Bathsheba,BB,13.2167,-59.5167,83.01,57,40,20.71,scattered clouds
124,Leshukonskoye,RU,64.8989,45.7622,23.77,93,100,11.48,light snow
125,Ketchikan,US,55.3422,-131.6461,39.18,69,4,6.67,clear sky
126,Aku,NG,6.7081,7.3167,89.67,54,100,6.38,overcast clouds
127,Kununurra,AU,-15.7667,128.7333,80.58,89,40,0.0,scattered clouds
128,Skagen,DK,57.7209,10.5839,43.18,76,94,26.37,overcast clouds
129,Bluff,NZ,-46.6,168.3333,57.74,80,31,5.53,scattered clouds
130,Havoysund,NO,70.9963,24.6622,34.03,88,99,22.48,light snow
131,Dubbo,AU,-32.25,148.6167,71.73,64,100,4.61,overcast clouds
132,Kaka,TM,37.3482,59.6143,37.54,54,8,5.21,clear sky
133,Faanui,PF,-16.4833,-151.75,81.03,72,13,14.5,few clouds
134,Waingapu,ID,-9.6567,120.2641,78.64,86,100,5.61,very heavy rain
135,Qaanaaq,GL,77.484,-69.3632,-3.24,59,6,9.4,clear sky
136,Ornskoldsvik,SE,63.2909,18.7153,31.15,80,19,14.97,few clouds
137,Vardo,NO,70.3705,31.1107,32.76,98,99,8.84,snow
138,Viedma,AR,-40.8135,-62.9967,91.65,14,8,7.87,clear sky
139,Clyde River,CA,70.4692,-68.5914,-3.77,84,100,21.85,snow
140,Moron,AR,-34.6534,-58.6198,90.01,63,0,4.47,clear sky
141,Porbandar,IN,21.6422,69.6093,70.23,54,0,8.95,clear sky
142,Zyryanka,RU,65.75,150.85,-25.24,98,94,0.89,light snow
143,Alofi,NU,-19.0595,-169.9187,75.09,94,94,3.44,overcast clouds
144,Esperance,AU,-33.8667,121.9,60.06,67,0,9.53,clear sky
145,Mount Isa,AU,-20.7333,139.5,76.77,78,40,11.5,moderate rain
146,Constitucion,CL,-35.3333,-72.4167,72.99,46,2,11.61,clear sky
147,Tasiilaq,GL,65.6145,-37.6368,22.91,95,100,11.68,snow
148,Teya,RU,60.3778,92.6267,6.13,98,100,3.94,overcast clouds
149,Hambantota,LK,6.1241,81.1185,76.46,74,100,7.31,overcast clouds
150,Moose Factory,CA,51.2585,-80.6094,-13.0,64,0,16.11,clear sky
151,Necochea,AR,-38.5473,-58.7368,81.55,48,9,10.07,clear sky
152,Cadillac,US,44.2519,-85.4012,22.8,73,75,0.0,broken clouds
153,Tazovskiy,RU,67.4667,78.7,3.7,97,100,2.71,overcast clouds
154,Santa Cruz De Tenerife,ES,28.4682,-16.2546,67.28,81,100,16.11,overcast clouds
155,Half Moon Bay,US,37.4636,-122.4286,51.48,92,100,0.0,fog
156,Coquimbo,CL,-29.9533,-71.3436,69.53,68,0,16.11,clear sky
157,Mizdah,LY,31.4451,12.9801,49.08,30,2,7.67,clear sky
158,Kruisfontein,ZA,-34.0033,24.7314,61.88,85,92,17.22,light rain
159,Namatanai,PG,-3.6667,152.4333,79.39,82,34,5.68,light rain
160,Bilibino,RU,68.0546,166.4372,-3.82,94,98,4.45,overcast clouds
161,Tiznit,MA,29.5833,-9.5,53.35,50,3,13.27,clear sky
162,Kysyl-Syr,RU,63.8986,122.7617,-57.17,100,65,2.95,broken clouds
163,Prieska,ZA,-29.6641,22.7474,91.71,15,4,22.35,clear sky
164,Kodiak,US,57.79,-152.4072,31.51,100,100,3.44,fog
165,Isangel,VU,-19.55,169.2667,79.32,83,84,5.17,light rain
166,Carnarvon,AU,-24.8667,113.6333,75.6,76,0,20.0,clear sky
167,Katsuura,JP,35.1333,140.3,38.68,55,39,5.21,scattered clouds
168,Biskupiec,PL,53.8647,20.9569,30.02,93,61,3.91,broken clouds
169,Luzhou,CN,28.8724,105.4405,48.29,55,1,1.36,clear sky
170,Norman Wells,CA,65.282,-126.8329,-25.56,75,20,5.75,few clouds
171,Torbay,CA,47.6666,-52.7314,31.75,63,20,5.99,few clouds
172,La Ronge,CA,55.1001,-105.2842,-7.35,71,75,14.97,light snow
173,Morros,BR,-9.4467,-46.3003,83.5,56,98,3.83,overcast clouds
174,Divnogorsk,RU,55.9594,92.3619,21.74,94,100,10.31,light snow
175,Kavieng,PG,-2.5744,150.7967,82.13,76,16,9.22,light rain
176,Airai,TL,-8.9266,125.4092,61.32,93,93,1.07,overcast clouds
177,Cayenne,GF,4.9333,-52.3333,77.04,83,75,2.3,broken clouds
178,New Bedford,US,41.6362,-70.9342,50.94,62,15,18.99,few clouds
179,North Bend,US,43.4065,-124.2243,43.92,99,100,3.44,mist
180,Fare,PF,-16.7,-151.0167,81.25,71,6,15.84,clear sky
181,Victoria,HK,22.2855,114.1577,55.45,32,25,3.0,scattered clouds
182,Suamico,US,44.6319,-88.0393,15.49,70,100,3.0,overcast clouds
183,Thinadhoo,MV,0.5333,72.9333,81.23,77,64,12.82,broken clouds
184,Kerema,PG,-7.9631,145.7785,78.33,87,99,2.98,overcast clouds
185,Byron Bay,AU,-28.65,153.6167,73.94,88,35,4.18,scattered clouds
186,Blois,FR,47.5833,1.3333,39.33,75,69,7.18,broken clouds
187,Nhulunbuy,AU,-12.2333,136.7667,77.61,94,40,3.44,light rain
188,Ribeira Grande,PT,38.5167,-28.7,61.77,67,40,14.0,scattered clouds
189,Trairi,BR,-3.2778,-39.2689,86.86,59,49,14.23,scattered clouds
190,Bontang,ID,0.1333,117.5,76.6,90,99,3.8,overcast clouds
191,Binga,ZW,-17.6203,27.3414,73.53,87,64,6.02,light rain
192,Hervey Bay,AU,-25.2986,152.8535,76.12,83,8,5.66,clear sky
193,Ahipara,NZ,-35.1667,173.1667,66.47,96,82,5.68,broken clouds
194,Salym,RU,60.0625,71.4789,-0.08,99,49,4.54,scattered clouds
195,Barrow,US,71.2906,-156.7887,-6.45,96,100,12.28,overcast clouds
196,Sarankhola,BD,22.3082,89.7897,68.83,49,0,5.23,clear sky
197,Itarema,BR,-2.9248,-39.9167,86.49,59,30,15.64,scattered clouds
198,Balboa,CO,2.0396,-77.2168,75.22,57,51,2.98,broken clouds
199,Cabo San Lucas,MX,22.8909,-109.9124,70.52,62,96,3.85,overcast clouds
200,Sovetskiy,RU,61.3614,63.5842,7.61,88,7,7.78,clear sky
201,Kaeo,NZ,-35.1,173.7833,70.32,96,99,6.2,overcast clouds
202,Marshall,US,34.3834,-86.3333,54.3,47,0,5.75,clear sky
203,Bandarbeyla,SO,9.4942,50.8122,75.97,75,43,21.23,scattered clouds
204,Vao,NC,-22.6667,167.4833,76.78,65,100,7.31,overcast clouds
205,Lompoc,US,34.6391,-120.4579,52.52,93,18,1.99,few clouds
206,Aklavik,CA,68.2191,-135.0107,-23.8,69,0,4.61,clear sky
207,Homer,US,59.6425,-151.5483,38.77,81,100,8.99,overcast clouds
208,San Cristobal,VE,7.7669,-72.225,73.58,41,41,4.63,scattered clouds
209,Mount Gambier,AU,-37.8333,140.7667,59.36,96,100,6.53,light rain
210,Caravelas,BR,-17.7125,-39.2481,85.37,60,76,11.41,broken clouds
211,Yichun,CN,47.7,128.9,-27.04,100,38,1.07,scattered clouds
212,Kavaratti,IN,10.5669,72.642,80.04,72,4,10.18,clear sky
213,High Level,CA,58.5169,-117.136,-7.49,77,0,6.91,clear sky
214,Faya,SA,18.3851,42.4509,60.91,59,2,4.09,clear sky
215,Taguatinga,BR,-12.3857,-46.5711,87.17,50,99,3.53,overcast clouds
216,Nanortalik,GL,60.1432,-45.2371,24.31,77,100,37.49,overcast clouds
217,Gafanha Da Encarnacao,PT,40.6181,-8.733,55.78,62,0,12.91,clear sky
218,Komsomolskiy,UZ,40.4272,71.7189,30.92,69,100,4.61,mist
219,Kuryk,KZ,43.2,51.65,34.99,50,3,14.32,clear sky
220,Yar-Sale,RU,66.8333,70.8333,0.41,95,100,7.14,overcast clouds
221,Goba,ET,7.0167,39.9833,52.03,54,10,2.75,clear sky
222,Ilhabela,BR,-23.7781,-45.3581,82.36,77,34,5.57,scattered clouds
223,Zenzeli,RU,45.9241,47.0474,31.69,73,95,12.57,overcast clouds
224,La Malbaie,CA,47.6575,-70.1559,31.05,93,100,8.05,overcast clouds
225,Naze,JP,28.3667,129.4833,47.32,64,97,11.7,overcast clouds
226,Chicama,PE,-7.8447,-79.1469,68.54,59,100,9.22,overcast clouds
227,Shenjiamen,CN,29.9576,122.298,38.39,42,26,6.17,scattered clouds
228,Port-Cartier,CA,50.0334,-66.8654,25.02,95,100,7.87,snow
229,Bengkulu,ID,-3.8004,102.2655,75.97,89,100,9.75,light rain
230,Kyshtovka,RU,56.555,76.6271,16.7,95,100,11.36,light snow
231,Pouebo,NC,-20.4,164.5667,76.53,89,100,5.32,overcast clouds
232,Pop,UZ,40.8736,71.1089,30.69,65,100,2.66,overcast clouds
233,Jizan,SA,17.3333,42.6667,79.74,73,13,4.61,few clouds
234,Prabumulih,ID,-3.45,104.25,73.85,96,99,5.3,overcast clouds
235,Tilichiki,RU,60.4667,166.1,24.48,95,100,7.0,light snow
236,Brokopondo,SR,4.75,-55.1667,81.48,60,49,1.83,scattered clouds
237,Port Elizabeth,ZA,-33.918,25.5701,64.69,97,100,13.8,heavy intensity rain
238,El Prat De Llobregat,ES,41.3278,2.0947,49.14,69,75,7.0,broken clouds
239,Labuhan,ID,-6.8844,112.2051,75.97,92,100,5.66,light rain
240,Ugoofaaru,MV,5.6667,73.0,80.2,77,7,8.12,clear sky
241,Lethem,GY,3.3803,-59.7968,92.19,33,8,9.35,clear sky
242,Stribro,CZ,49.7529,13.0041,27.84,100,47,2.04,scattered clouds
243,Najran,SA,17.4924,44.1277,57.85,62,3,7.96,clear sky
244,Talnakh,RU,69.4865,88.3972,-1.7,96,99,6.49,overcast clouds
245,Chokurdakh,RU,70.6333,147.9167,-34.58,100,94,3.04,overcast clouds
246,Khasan,RU,42.4308,130.6434,8.58,72,43,6.46,scattered clouds
247,Kuusamo,FI,65.9667,29.1833,28.44,93,100,10.36,overcast clouds
248,Ati,TD,13.2154,18.3353,87.33,10,75,7.87,broken clouds
249,Krasnoselkup,RU,65.7,82.4667,8.89,96,100,7.92,overcast clouds
250,Taltal,CL,-25.4,-70.4833,72.28,71,28,7.07,scattered clouds
251,Qaqortoq,GL,60.7167,-46.0333,21.25,76,100,35.23,overcast clouds
252,Salalah,OM,17.0151,54.0924,73.38,35,83,14.63,broken clouds
253,Beringovskiy,RU,63.05,179.3167,14.85,97,93,7.05,overcast clouds
254,San Juan,AR,-31.5375,-68.5364,89.71,25,5,7.52,clear sky
255,Tessaoua,NE,13.7574,7.9874,89.74,10,85,7.18,overcast clouds
256,Middelburg,ZA,-25.7751,29.4648,83.05,20,63,14.23,broken clouds
257,Kasongo-Lunda,CD,-6.4667,16.8167,78.64,74,54,2.46,light rain
258,Touros,BR,-5.1989,-35.4608,86.31,52,9,17.22,clear sky
259,Anadyr,RU,64.75,177.4833,27.1,80,20,13.42,few clouds
260,Saint-Joseph,RE,-21.3667,55.6167,79.18,89,100,2.55,overcast clouds
261,Manaus,BR,-3.1019,-60.025,84.7,70,75,6.91,broken clouds
262,Ambon,ID,-3.6954,128.1814,77.14,94,40,8.05,moderate rain
263,Keskin,TR,39.6731,33.6136,39.52,84,71,4.79,broken clouds
264,Nizhnevartovsk,RU,60.9344,76.5531,1.63,99,97,7.92,overcast clouds
265,Geraldton,AU,-28.7667,114.6,70.21,78,0,19.57,clear sky
266,Moerai,PF,-22.4333,-151.3333,78.66,80,21,11.59,few clouds
267,Norsup,VU,-16.0667,167.3833,81.14,81,11,7.31,few clouds
268,Cidreira,BR,-30.1811,-50.2056,82.35,69,38,11.63,scattered clouds
269,Padang,ID,-0.9492,100.3543,75.25,85,100,3.09,light rain
270,Floro,NO,61.5996,5.0328,42.76,81,100,10.36,overcast clouds
271,Samana,DO,19.2056,-69.3369,79.84,56,71,11.16,broken clouds
272,Jijiga,ET,9.35,42.8,66.07,63,34,13.85,scattered clouds
273,Mayo,US,38.8876,-76.5119,53.98,45,0,8.05,clear sky
274,Novyy Urengoy,RU,66.0833,76.6333,6.89,96,100,7.27,overcast clouds
275,Lebanon,US,36.2081,-86.2911,55.9,46,0,12.66,clear sky
276,Bo Rai,TH,12.5728,102.5371,78.76,54,79,8.75,broken clouds
277,Saint George,US,37.1041,-113.5841,40.42,58,2,1.61,clear sky
278,Saint-Pierre,RE,-21.3393,55.4781,80.28,83,20,5.75,few clouds
279,Wagar,SD,16.1525,36.2032,79.59,45,15,17.25,few clouds
280,Alihe,CN,50.5667,123.7167,-17.91,99,98,1.59,overcast clouds
281,Hualmay,PE,-11.0964,-77.6139,76.33,69,44,10.47,scattered clouds
282,Ambilobe,MG,-13.2,49.05,76.8,89,79,2.89,broken clouds
283,Cap Malheureux,MU,-19.9842,57.6142,79.47,83,84,6.89,broken clouds
284,Mecca,SA,21.4267,39.8261,77.47,51,1,5.68,clear sky
285,Santiago,CL,-33.4569,-70.6483,89.17,20,0,6.93,clear sky
286,Berezovka,BY,53.7214,25.4993,29.1,94,100,2.37,overcast clouds
287,Laguna,US,38.421,-121.4238,51.08,90,0,0.0,clear sky
288,Lavrentiya,RU,65.5833,-171.0,16.61,96,100,1.7,light snow
289,Sitka,US,57.0531,-135.33,38.17,63,4,5.59,clear sky
290,Arraial Do Cabo,BR,-22.9661,-42.0278,87.66,70,0,17.27,clear sky
291,Altea,ES,38.5989,-0.0514,54.37,65,38,9.71,scattered clouds
292,Vanimo,PG,-2.6741,141.3028,77.54,89,92,3.69,overcast clouds
293,Muros,ES,42.7762,-9.0603,51.15,62,26,16.8,scattered clouds
294,Kaseda,JP,31.4167,130.3167,38.68,92,91,8.48,overcast clouds
295,College,US,64.8569,-147.8028,16.07,83,100,0.98,overcast clouds
296,Dombarovskiy,RU,50.7587,59.5386,1.71,90,99,5.39,overcast clouds
297,Dryden,CA,49.7833,-92.7503,-10.8,90,49,6.2,scattered clouds
298,Bulgan,MN,48.8125,103.5347,3.81,83,11,4.94,few clouds
299,Aginskoye,RU,51.1,114.53,6.26,82,20,13.4,few clouds
300,Shahreza,IR,32.0339,51.8794,32.99,53,1,3.85,clear sky
301,Idlib,SY,35.9306,36.6339,46.74,71,49,8.21,scattered clouds
302,Ganta,LR,7.3022,-8.5308,90.64,33,99,1.95,overcast clouds
303,Praya,CV,14.9215,-23.5087,77.54,65,0,24.16,clear sky
304,Ilulissat,GL,69.2167,-51.1,15.82,79,75,16.11,broken clouds
305,Comodoro Rivadavia,AR,-45.8667,-67.5,84.06,24,0,16.11,clear sky
306,Buin,CL,-33.7333,-70.75,90.05,13,0,8.66,clear sky
307,Sabha,LY,27.0377,14.4283,54.61,22,0,7.9,clear sky
308,Makakilo City,US,21.3469,-158.0858,67.01,84,75,8.05,broken clouds
309,Codrington,AU,-38.2667,141.9667,59.94,96,100,4.16,light rain
310,Iqaluit,CA,63.7506,-68.5145,-41.66,88,22,3.13,few clouds
311,Kharagpur,IN,22.3333,87.3333,71.11,45,0,3.58,clear sky
312,Tual,ID,-5.6667,132.75,81.5,75,97,6.69,overcast clouds
313,Ulaanbaatar,MN,47.9077,106.8832,-7.47,71,0,4.47,clear sky
314,Gorontalo,ID,0.5412,123.0595,74.23,96,86,3.51,overcast clouds
315,Bardiyah,LY,31.7561,25.0865,59.22,62,8,9.08,clear sky
316,Mashhad,IR,36.297,59.6062,35.74,64,0,6.91,clear sky
317,Anstruther,GB,56.2231,-2.7023,44.78,75,75,6.91,broken clouds
318,Fairfield,US,41.2668,-73.3162,49.62,51,0,14.97,clear sky
319,Bulungu,CD,-4.55,18.6,79.16,70,95,2.68,overcast clouds
320,Yamada,JP,39.4667,141.95,23.67,54,48,13.69,scattered clouds
321,Kisangani,CD,0.5167,25.2,81.45,53,93,3.02,overcast clouds
322,Beian,NO,63.6559,9.5683,38.01,87,75,31.07,light intensity shower rain
323,Skovorodino,RU,53.9833,123.9167,-19.35,98,100,0.83,overcast clouds
324,Upata,VE,8.0086,-62.3989,79.2,46,45,6.26,scattered clouds
325,Bhanvad,IN,21.9264,69.7736,68.09,52,0,7.61,clear sky
326,Tuatapere,NZ,-46.1333,167.6833,51.67,88,7,2.28,clear sky
327,Jacksonville Beach,US,30.2947,-81.3931,63.05,58,48,8.01,scattered clouds
328,Suleja,NG,9.1758,7.1808,93.2,24,58,2.82,broken clouds
329,Lulea,SE,65.5842,22.1547,32.07,69,0,9.22,clear sky
330,Iralaya,HN,15.0,-83.2333,81.1,67,98,11.21,overcast clouds
331,Gao,ML,16.6362,1.637,78.19,5,100,12.62,overcast clouds
332,Ancud,CL,-41.8697,-73.8203,64.62,64,24,8.48,few clouds
333,Kantang,TH,7.4054,99.5156,72.95,93,100,5.95,overcast clouds
334,Zhuhai,CN,22.2769,113.5678,55.18,44,0,16.11,clear sky
335,Guarapari,BR,-20.6667,-40.4975,84.88,75,33,12.66,scattered clouds
336,Kamaishi,JP,39.2667,141.8833,23.61,67,69,14.47,broken clouds
337,Goderich,CA,43.7501,-81.7165,29.91,73,100,14.9,overcast clouds
338,Mao,ES,39.8885,4.2658,46.96,71,75,19.57,broken clouds
339,Hauge,NO,58.3436,6.2812,41.7,89,100,13.94,overcast clouds
340,Katakwi,UG,1.8911,33.9661,81.28,18,1,11.45,clear sky
341,Puri,IN,19.8,85.85,72.12,79,8,6.85,clear sky
342,Ampanihy,MG,-24.7,44.75,76.8,83,100,23.0,light rain
343,Sieut,RO,46.9833,24.65,30.78,96,100,1.07,overcast clouds
344,Cururupu,BR,-1.8283,-44.8683,82.02,76,87,5.53,light rain
345,Akdepe,TM,42.0551,59.3788,30.79,48,0,9.95,clear sky
346,Tulun,RU,54.5611,100.5792,18.75,96,100,6.04,light snow
347,Aitape,PG,-3.1374,142.3475,77.25,88,95,4.03,overcast clouds
348,Katangli,RU,51.7102,143.2326,-5.12,80,100,18.1,overcast clouds
349,Flin Flon,CA,54.7682,-101.865,-11.36,92,50,10.02,scattered clouds
350,Trelew,AR,-43.249,-65.3051,86.05,17,1,10.94,clear sky
351,Honiara,SB,-9.4333,159.95,78.42,86,97,1.21,light rain
352,Kagadi,UG,0.9606,30.7967,74.93,33,60,2.15,broken clouds
353,Te Anau,NZ,-45.4167,167.7167,51.15,75,0,1.14,clear sky
354,Aquiraz,BR,-3.9014,-38.3911,87.89,62,33,12.24,scattered clouds
355,Mazamari,PE,-11.3258,-74.5308,76.78,80,100,3.0,light rain
356,Hopelchen,MX,19.7667,-89.85,79.66,63,99,6.96,overcast clouds
357,Gimli,CA,50.6336,-96.9907,-10.98,91,24,9.91,few clouds
358,Gokak,IN,16.1667,74.8333,74.14,27,1,4.97,clear sky
359,Broken Hill,AU,-31.95,141.4333,83.48,24,100,13.22,light rain
360,Poum,NC,-20.2333,164.0167,79.75,79,100,7.27,overcast clouds
361,Qui Nhon,VN,13.7667,109.2333,67.53,83,99,15.5,overcast clouds
362,Porto Novo,BJ,6.4965,2.6036,85.01,67,57,9.37,broken clouds
363,Kirillov,RU,59.863,38.3813,13.05,96,88,8.19,overcast clouds
364,Eenhana,NA,-17.4667,16.3333,72.55,68,84,9.98,broken clouds
365,Camargo,MX,27.6667,-105.1667,58.64,30,100,5.59,overcast clouds
366,Camacha,PT,33.0833,-16.3333,56.62,63,40,19.57,scattered clouds
367,Aswan,EG,24.0934,32.907,83.5,21,0,3.44,clear sky
368,Tessalit,ML,20.1986,1.0114,65.91,8,84,10.49,broken clouds
369,Bubaque,GW,11.2833,-15.8333,77.65,77,60,15.57,broken clouds
370,Petukhovo,RU,55.0692,67.9019,14.79,95,100,10.47,light snow
371,Oktyabrskoye,RU,43.0645,44.7417,26.74,93,100,2.24,mist
372,Port Blair,IN,11.6667,92.75,82.44,69,40,5.75,haze
373,Ponta Do Sol,PT,32.6667,-17.1,63.72,65,81,6.71,light rain
374,Ozernovskiy,RU,51.5,156.5167,21.87,79,100,7.99,overcast clouds
375,Kolpashevo,RU,58.3131,82.9089,19.67,95,100,9.48,light snow
376,Tabou,CI,4.423,-7.3528,83.46,72,68,9.01,broken clouds
377,Mantua,IT,45.1667,10.7833,41.61,70,14,1.01,few clouds
378,Shingu,JP,33.7333,135.9833,32.76,68,3,8.55,clear sky
379,Alice Springs,AU,-23.7,133.8833,74.75,94,93,6.91,overcast clouds
380,Poli,TZ,-3.3333,36.8,66.79,50,26,5.39,scattered clouds
381,Acajutla,SV,13.5928,-89.8275,87.24,44,82,5.32,broken clouds
382,Salinopolis,BR,-0.6136,-47.3561,81.37,73,96,7.65,overcast clouds
383,Clarence Town,AU,-32.5833,151.7833,75.85,95,33,3.4,scattered clouds
384,Katobu,ID,-4.9408,122.5276,74.16,97,100,3.91,overcast clouds
385,Chifeng,CN,42.2683,118.9636,13.64,68,50,8.79,scattered clouds
386,Jiangyou,CN,31.7667,104.7167,41.09,33,2,2.39,clear sky
387,Porto De Moz,BR,-1.7483,-52.2383,87.71,51,100,5.77,moderate rain
388,San Patricio,US,28.017,-97.5169,67.87,86,99,9.55,overcast clouds
389,East London,ZA,-33.0153,27.9116,72.36,82,71,20.4,light rain
390,Cuamba,MZ,-14.8031,36.5372,72.9,92,97,0.89,overcast clouds
391,Bang Saphan,TH,11.2126,99.5117,72.95,73,9,6.22,clear sky
392,Juneau,US,58.3019,-134.4197,32.22,100,3,8.68,clear sky
393,Launceston,AU,-41.45,147.1667,65.84,79,100,11.5,light rain
394,Hobyo,SO,5.3505,48.5268,76.51,75,9,19.35,clear sky
395,Riyadh,SA,24.6877,46.7219,58.33,33,0,5.55,clear sky
396,Neiafu,TO,-18.65,-173.9833,77.68,94,40,5.75,light rain
397,Newport,GB,51.5877,-2.9984,44.46,83,61,3.76,broken clouds
398,Dvinskoy,RU,62.1535,45.1175,19.45,85,95,9.4,overcast clouds
399,Mirnyy,RU,62.5353,113.9611,-34.6,100,98,2.46,overcast clouds
400,Los Llanos De Aridane,ES,28.6585,-17.9182,60.55,82,75,18.41,broken clouds
401,Kaya,BF,13.0917,-1.0844,86.38,9,100,10.51,overcast clouds
402,Tautira,PF,-17.7333,-149.15,80.28,74,14,14.25,few clouds
403,Jumla,NP,29.2747,82.1838,35.29,56,0,6.82,clear sky
404,Acari,PE,-15.4311,-74.6158,84.25,56,84,11.41,broken clouds
405,Sawankhalok,TH,17.316,99.8319,67.03,51,0,3.24,clear sky
406,Tyup,KG,42.7276,78.3648,14.83,63,57,4.79,broken clouds
407,Kosum Phisai,TH,16.2486,103.0674,57.96,58,14,14.05,few clouds
408,Zhanaozen,KZ,43.3,52.8,29.19,55,3,11.77,clear sky
409,Luis Gil Perez,MX,17.8667,-93.05,78.91,71,75,11.97,broken clouds
410,Deputatskiy,RU,69.3,139.9,-23.31,98,100,2.95,overcast clouds
411,Nassau,US,40.7507,-73.5829,51.73,49,0,19.57,clear sky
412,Puerto Escondido,MX,15.85,-97.0667,85.03,74,0,2.3,clear sky
413,Quatre Cocos,MU,-20.2078,57.7625,79.09,85,82,6.13,broken clouds
414,Sandwick,GB,60.0,-1.25,44.42,81,40,17.27,scattered clouds
415,Fairbanks,US,64.8378,-147.7164,17.56,77,100,3.44,light snow
416,Qidong,CN,31.8128,121.6561,30.92,50,0,7.43,clear sky
417,Bambous Virieux,MU,-20.3428,57.7575,79.21,85,78,4.63,broken clouds
418,Bon Accord,CA,53.8335,-113.4187,0.23,86,22,13.31,few clouds
419,Nemuro,JP,43.3236,145.575,17.13,71,89,23.35,overcast clouds
420,Namibe,AO,-15.1961,12.1522,76.55,80,99,11.18,overcast clouds
421,Santa Maria,BR,-29.6842,-53.8069,96.51,27,78,6.62,broken clouds
422,Laksar,IN,29.7667,78.05,54.9,62,0,3.51,clear sky
423,Guiglo,CI,6.5456,-7.4966,94.05,29,94,2.86,overcast clouds
424,Wanning,CN,18.8003,110.3967,54.52,72,38,9.98,scattered clouds
425,Villa Carlos Paz,AR,-31.4241,-64.4978,82.38,66,15,4.0,few clouds
426,Sibolga,ID,1.7427,98.7792,75.97,87,100,3.33,overcast clouds
427,Ayagoz,KZ,47.9714,80.4392,-9.6,94,3,3.8,clear sky
428,Kenora,CA,49.8167,-94.4337,-9.0,90,58,6.53,broken clouds
429,Tibiri,NE,13.5627,7.0485,90.18,9,98,10.09,overcast clouds
430,Kilbirnie,GB,55.7508,-4.6879,42.82,84,96,1.01,overcast clouds
431,Dongsheng,CN,39.8161,109.9776,15.1,33,3,17.49,clear sky
432,Akureyri,IS,65.6835,-18.0878,38.52,94,98,9.98,overcast clouds
433,Milkovo,RU,54.7167,158.6167,-1.86,99,100,2.57,overcast clouds
434,Luderitz,NA,-26.6481,15.1594,73.51,61,0,29.17,clear sky
435,Kropotkin,RU,45.4375,40.5756,38.21,73,100,7.9,overcast clouds
436,Kastamonu,TR,41.5,33.6667,40.59,63,93,3.02,overcast clouds
437,Iquique,CL,-20.2208,-70.1431,77.04,72,29,7.02,scattered clouds
438,Zhangye,CN,38.9342,100.4517,16.27,46,2,5.19,clear sky
439,Praia,CV,14.9215,-23.5087,77.54,65,0,24.16,clear sky
440,Ponta Delgada,PT,37.7333,-25.6667,57.92,77,40,14.97,scattered clouds
441,Bam,IR,29.106,58.357,40.42,72,95,3.53,overcast clouds
442,Saint-Louis,SN,16.3333,-15.0,86.2,6,55,14.41,broken clouds
443,Taman,RU,45.2117,36.7161,47.59,92,100,18.1,overcast clouds
444,Aloleng,PH,16.1307,119.7824,74.32,68,88,9.73,overcast clouds
445,Greenfield,US,42.9614,-88.0126,20.91,70,100,4.61,light snow
446,Tyukhtet,RU,56.5389,89.3011,18.34,92,100,14.63,light snow
447,Jalu,LY,29.0331,21.5482,59.25,36,27,7.74,scattered clouds
448,Yantal,RU,56.8471,105.2542,11.61,94,100,7.14,overcast clouds
449,Roald,NO,62.5833,6.1333,41.92,70,75,12.66,broken clouds
450,Brae,GB,60.3964,-1.353,45.39,78,100,17.16,overcast clouds
451,Filadelfia,US,39.9523,-75.1638,52.61,52,54,5.01,broken clouds
452,Port Hedland,AU,-20.3167,118.5667,82.45,83,40,0.0,scattered clouds
453,Freeport,US,40.6576,-73.5832,52.05,50,0,19.57,clear sky
454,Orange Walk,BZ,17.8333,-88.8333,77.05,83,69,6.76,light rain
455,Vadso,NO,70.0744,29.7487,29.28,86,75,10.36,broken clouds
456,Lata,PT,40.1629,-8.3327,53.08,56,0,7.43,clear sky
457,Oktyabrskiy,RU,54.4815,53.471,3.45,99,87,4.07,overcast clouds
458,Thohoyandou,ZA,-22.9456,30.485,83.57,34,50,5.73,scattered clouds
459,Havre,FR,49.5833,0.3333,40.33,87,100,3.44,overcast clouds
460,Buta,CD,2.7858,24.73,83.7,35,41,4.07,scattered clouds
461,Saint-Augustin,CA,51.226,-58.6502,8.2,73,91,4.0,overcast clouds
462,Ostrovnoy,RU,68.0531,39.5131,27.91,87,100,26.75,overcast clouds
463,Doha,QA,25.2867,51.5333,59.31,58,0,11.83,clear sky
464,Lorengau,PG,-2.0226,147.2712,80.44,81,47,5.73,scattered clouds
465,Tarauaca,BR,-8.1614,-70.7656,81.88,81,94,4.79,overcast clouds
466,Tikhvin,RU,59.6451,33.5294,22.21,92,99,10.25,overcast clouds
467,Tarko-Sale,RU,64.9225,77.785,-3.17,100,78,8.48,broken clouds
468,Tefe,BR,-3.3542,-64.7114,86.11,79,40,9.22,scattered clouds
469,Marzuq,YE,14.4,46.4667,64.11,62,87,5.55,overcast clouds
470,Makushino,RU,55.2103,67.2442,15.22,95,100,9.55,overcast clouds
471,Koungou,YT,-12.7336,45.2042,82.11,83,40,5.75,scattered clouds
472,Acapulco,MX,16.8634,-99.8901,85.82,51,0,3.44,clear sky
473,Harper,LR,4.375,-7.7169,83.64,70,73,7.63,broken clouds
474,Pafos,CY,34.7667,32.4167,62.38,63,40,13.8,scattered clouds
475,Bambanglipuro,ID,-7.95,110.2833,75.9,94,100,1.7,overcast clouds
476,Lokoja,NG,7.8024,6.743,94.51,30,78,6.42,broken clouds
477,Pontianak,ID,-0.0333,109.3333,75.18,100,100,2.3,overcast clouds
478,Adeje,ES,28.1227,-16.726,64.6,63,75,16.11,broken clouds
479,Virden,US,39.5009,-89.7679,46.09,72,100,11.25,overcast clouds
480,Amalapuram,IN,16.5833,82.0167,68.72,90,0,2.98,clear sky
481,Nuuk,GL,64.1835,-51.7216,14.88,85,100,20.0,snow
482,Hofn,IS,64.2539,-15.2082,38.1,95,100,12.84,overcast clouds
483,Mackay,AU,-21.15,149.2,76.68,81,14,12.15,few clouds
484,Uruguaiana,BR,-29.7547,-57.0883,90.34,36,99,12.41,light rain
485,Asau,RO,46.4333,26.4,29.32,87,100,5.97,overcast clouds
486,Rio Verde De Mato Grosso,BR,-18.9181,-54.8442,81.34,76,48,9.1,scattered clouds
487,Morehead,US,37.2711,-87.1764,53.85,47,0,13.8,clear sky
488,Rajapur,IN,25.3833,81.15,55.71,36,0,2.64,clear sky
489,Huilong,CN,31.8111,121.655,30.92,50,0,7.4,clear sky
490,Fort Nelson,CA,58.8053,-122.7002,-16.49,100,61,1.95,broken clouds
491,Povenets,RU,62.8487,34.8262,26.26,91,100,17.29,light snow
492,Rocha,UY,-34.4833,-54.3333,87.94,46,92,12.12,overcast clouds
493,Port Hardy,CA,50.6996,-127.4199,39.38,93,100,4.61,overcast clouds
494,Marsh Harbour,BS,26.5412,-77.0636,71.37,71,86,20.27,overcast clouds
495,Inhambane,MZ,-23.865,35.3833,79.68,78,9,14.29,clear sky
496,Orocue,CO,4.7912,-71.3354,92.93,30,3,14.0,clear sky
497,Le Port,RE,-20.9373,55.2919,80.6,85,97,2.19,overcast clouds
498,North Platte,US,41.1239,-100.7654,19.29,86,100,24.16,overcast clouds
499,Paraiso,CR,9.8383,-83.8656,70.66,95,93,6.78,overcast clouds
500,Revda,RU,56.801,59.9303,13.91,93,100,8.99,overcast clouds
501,Coruripe,BR,-10.1256,-36.1756,85.8,54,0,13.76,clear sky
502,Puerto Colombia,CO,10.9878,-74.9547,84.29,62,3,19.69,clear sky
503,Xinmin,CN,41.9908,122.8253,17.38,75,62,8.08,broken clouds
504,Santa Barbara,US,34.7333,-120.0343,50.83,90,100,5.75,overcast clouds
505,Sao Joao Da Barra,BR,-21.6403,-41.0511,89.69,79,70,12.44,broken clouds
506,Aykhal,RU,66.0,111.5,-33.83,100,99,4.14,overcast clouds
507,Krapina,HR,46.1608,15.8789,35.51,96,100,2.62,overcast clouds
508,Conceicao Do Araguaia,BR,-8.2578,-49.2647,86.22,61,100,2.75,overcast clouds
509,Varkaus,FI,62.3153,27.873,29.3,89,100,11.88,overcast clouds
510,Prainha,BR,-1.8,-53.48,82.99,74,97,4.12,overcast clouds
511,Khuzdar,PK,27.7384,66.6434,50.2,54,99,4.94,overcast clouds
512,Hovd,MN,48.0056,91.6419,-0.11,82,1,1.45,clear sky
513,General Roca,AR,-39.0333,-67.5833,95.63,18,0,14.83,clear sky
514,Lasa,IT,46.6166,10.7002,31.37,93,65,4.65,broken clouds
515,Aksu,CN,41.1231,80.2644,10.65,90,79,4.34,broken clouds
516,Praia Da Vitoria,PT,38.7333,-27.0667,60.76,77,85,9.82,overcast clouds
517,Itoman,JP,26.1247,127.6694,51.82,82,75,14.97,broken clouds
518,Merrill,US,45.1805,-89.6835,11.89,75,100,1.01,overcast clouds
519,Mareeba,AU,-17.0,145.4333,75.43,93,58,2.51,broken clouds
520,Haftoni,AZ,38.7632,48.7622,42.51,70,100,4.61,overcast clouds
521,Qandala,SO,11.472,49.8728,75.99,77,18,8.59,few clouds
522,Port Macquarie,AU,-31.4333,152.9167,70.9,91,47,9.78,scattered clouds
523,Lesnoy,RU,57.6198,63.0784,7.9,98,60,6.02,broken clouds
524,Teguise,ES,29.0605,-13.564,62.82,48,40,18.41,scattered clouds
525,Paka,MY,4.6374,103.4368,73.38,89,100,11.23,overcast clouds
526,Adrar,MR,20.5022,-10.0711,68.59,27,35,10.54,scattered clouds
527,Cabinda,AO,-5.55,12.2,80.85,76,75,6.78,broken clouds
528,Mokhsogollokh,RU,61.4681,128.9203,-53.09,100,94,1.45,overcast clouds
529,Broome,US,42.2506,-75.833,43.0,53,0,13.8,clear sky
530,Ulladulla,AU,-35.35,150.4667,70.84,96,86,5.39,overcast clouds
531,Black River,JM,18.0264,-77.8487,87.1,42,68,13.89,broken clouds
532,Veraval,IN,20.9,70.3667,71.06,76,0,6.76,clear sky
533,Alfeld,DE,51.9838,9.8199,33.58,83,38,2.26,scattered clouds
534,Zuenoula,CI,7.4292,-6.0431,97.21,23,68,6.24,broken clouds
535,Piacabucu,BR,-10.4056,-36.4344,85.91,54,5,12.71,clear sky
536,Letka,RU,59.6011,49.4232,8.92,95,92,6.11,overcast clouds
537,Springbok,ZA,-29.6643,17.8865,70.59,47,0,19.75,clear sky
538,Turochak,RU,52.2576,87.1224,-2.38,100,80,2.82,broken clouds
539,Saiki,JP,32.95,131.9,31.5,64,5,6.96,clear sky
540,Khandbari,NP,27.3747,87.2039,53.96,66,1,2.95,clear sky
541,Butembo,CD,0.15,29.2833,67.37,47,62,2.93,broken clouds
542,Orlik,RU,52.5178,99.825,7.45,86,100,5.77,overcast clouds
543,Port Lincoln,AU,-34.7333,135.8667,64.4,92,100,13.6,overcast clouds
544,Meridian,US,43.6121,-116.3915,37.15,89,100,5.75,light snow
545,Pimentel,PE,-6.8367,-79.9342,82.69,57,0,10.36,clear sky
546,Zugdidi,GE,42.5088,41.8709,48.67,61,100,3.24,overcast clouds
547,Penzance,GB,50.1186,-5.5371,43.77,76,54,7.05,broken clouds
548,Sakakah,SA,29.9697,40.2064,62.06,40,34,10.16,scattered clouds
549,Tunceli,TR,39.1083,39.5471,34.48,99,100,2.64,light snow
550,Ardesen,TR,41.1911,40.9875,53.47,76,100,6.22,overcast clouds
551,Tiarei,PF,-17.5333,-149.3333,78.82,75,5,15.52,clear sky
552,Pacific Grove,US,36.6177,-121.9166,50.65,89,0,8.01,clear sky
553,Hailey,US,43.5196,-114.3153,24.89,66,40,1.01,scattered clouds
554,Mangan,IN,27.5167,88.5333,59.02,74,69,2.44,broken clouds
555,Rioja,AR,-29.4111,-66.8507,78.19,68,95,3.02,overcast clouds
556,Esna,EG,25.2934,32.554,72.41,28,19,2.57,few clouds
557,Waipawa,NZ,-41.4122,175.5153,61.86,98,100,4.97,light rain
558,Senneterre,CA,48.3835,-77.2328,0.72,84,99,12.17,overcast clouds
559,Biak,ID,-0.9131,122.8766,76.26,87,94,2.35,overcast clouds
560,Santa Marta,CO,11.2408,-74.199,87.89,44,4,15.01,clear sky
561,Glotovka,RU,53.9491,46.7042,11.5,99,97,2.44,overcast clouds
562,Eirunepe,BR,-6.6603,-69.8736,77.32,85,100,3.89,overcast clouds
563,Bairiki,KI,1.3292,172.9752,80.6,89,40,9.22,light rain
564,Chernyshevskiy,RU,63.0128,112.4714,-33.09,100,99,1.92,overcast clouds
565,Baft,IR,29.234,56.6057,26.35,56,8,5.99,clear sky
566,Ginda,IN,30.6945,78.4932,45.54,22,46,8.99,scattered clouds
567,Sisimiut,GL,66.9395,-53.6735,12.61,83,100,18.1,overcast clouds
568,Belyy Yar,RU,53.6039,91.3903,30.09,57,0,17.9,clear sky
569,Khor,RU,47.8861,134.9464,-37.17,100,28,2.42,scattered clouds
570,Yanam,IN,16.7333,82.2167,70.27,88,0,3.44,clear sky
571,Ribeira Brava,PT,32.65,-17.0667,63.72,66,85,7.18,light rain
572,Mamonovo,RU,54.4643,19.938,30.7,74,96,9.13,overcast clouds
573,Wewak,PG,-3.5534,143.6268,78.64,85,95,1.79,overcast clouds
574,Pombas,CV,17.1503,-25.0201,74.98,71,30,15.95,scattered clouds
575,Vostok,RU,46.4856,135.8833,-29.85,99,86,3.98,overcast clouds
576,Ixtapa,MX,20.7,-105.2,74.43,60,75,3.44,broken clouds
577,Nokaneng,BW,-19.6667,22.2667,90.01,20,9,7.63,clear sky
578,Bondowoso,ID,-7.9135,113.8214,73.04,96,100,2.37,overcast clouds
579,Ahuimanu,US,21.4447,-157.8378,71.31,91,75,6.91,moderate rain
580,Saint Anthony,US,45.0205,-93.218,5.76,69,0,8.05,clear sky
581,Sonipat,IN,28.9833,77.0167,55.4,59,0,2.8,clear sky
582,Ivanava,BY,52.1451,25.5365,29.61,75,84,4.14,broken clouds
583,Mgandu,TZ,-5.95,34.1333,65.35,70,9,5.17,clear sky
584,Winnemucca,US,40.973,-117.7357,33.01,79,54,3.11,broken clouds
585,Emba,KZ,48.8264,58.1442,7.16,99,92,2.95,overcast clouds
586,Meulaboh,ID,4.1363,96.1285,75.7,87,99,3.58,overcast clouds
587,Awjilah,LY,29.1081,21.2869,59.43,38,14,8.52,few clouds
588,Svetlaya,RU,46.5389,138.3297,-3.78,73,99,9.26,overcast clouds
589,Hay River,CA,60.8156,-115.7999,-5.69,87,65,14.92,broken clouds
590,Kidal,ML,18.4411,1.4078,72.88,5,42,12.01,scattered clouds
591,Chumikan,RU,54.7183,135.315,-19.88,85,29,20.02,scattered clouds
592,Auki,SB,-8.7676,160.7034,77.04,85,99,1.52,overcast clouds
593,Vila Velha,BR,-20.3297,-40.2925,85.95,75,20,14.97,few clouds
594,Maceio,BR,-9.6658,-35.7353,87.24,58,20,14.97,few clouds
595,Coldingham,GB,55.8868,-2.157,42.58,81,95,8.32,overcast clouds
596,Grenada,ES,37.1882,-3.6067,50.36,35,20,5.75,few clouds
597,Santa Ines,BR,-3.6667,-45.38,83.34,74,86,3.58,overcast clouds
598,Sioux Lookout,CA,50.1001,-91.917,-12.5,91,36,6.49,scattered clouds
599,Jurm,AF,36.8648,70.8342,30.15,64,100,3.96,overcast clouds
600,Marathon,US,44.9,-89.7668,11.66,71,0,5.75,clear sky
601,Plaster Rock,CA,46.9065,-67.39,27.59,97,100,12.26,light snow
602,Horizontina,BR,-27.6258,-54.3078,101.07,18,25,8.75,scattered clouds
603,Saint-Georges,GD,12.0564,-61.7485,77.9,67,26,7.63,scattered clouds
604,Horasan,TR,40.0458,42.1728,27.1,86,100,0.2,overcast clouds
605,Altay,CN,47.8667,88.1167,5.38,68,0,6.67,clear sky
606,Mormugao,IN,15.4,73.8,73.99,73,2,4.5,clear sky
607,Gunjur,GM,13.2019,-16.7339,83.37,38,100,12.62,overcast clouds
608,Trincomalee,LK,8.5711,81.2335,77.02,75,94,10.56,overcast clouds
609,Grants,US,35.1473,-107.8514,32.23,43,0,0.0,clear sky
610,Kushiro,JP,42.975,144.3747,15.42,57,42,21.9,scattered clouds
611,The Valley,AI,18.217,-63.0578,78.1,73,40,11.5,scattered clouds
612,Liverpool,GB,53.4106,-2.9779,45.75,93,100,8.05,overcast clouds
613,Virginia Beach,US,36.8529,-75.978,56.05,42,20,10.36,few clouds
614,Priekule,LV,56.4468,21.5897,34.92,79,97,10.45,overcast clouds
615,Barabinsk,RU,55.3571,78.357,13.62,94,100,14.92,light snow
616,Belaya Gora,RU,68.5333,146.4167,-34.71,100,100,2.48,overcast clouds
617,Daru,PG,-9.0763,143.2092,79.9,83,83,5.3,broken clouds
618,Madinat Sittah Uktubar,EG,29.8167,31.05,65.8,32,100,11.77,overcast clouds
619,Santa Rosa,PH,14.3122,121.1114,76.98,76,89,17.63,overcast clouds
620,Nioki,CD,-2.7167,17.6833,80.55,65,66,3.69,broken clouds
621,Sibundoy,CO,1.2048,-76.9237,69.31,54,33,6.4,scattered clouds
622,Mezhova,UA,48.2532,36.7347,31.59,82,100,11.45,overcast clouds
623,Antalaha,MG,-14.9003,50.2788,77.77,91,52,4.65,light rain
624,Litovko,RU,49.2361,135.1742,-31.13,99,19,2.37,few clouds
625,Severo-Kurilsk,RU,50.6789,156.125,25.18,74,100,13.76,overcast clouds
626,Hirara,JP,24.8,125.2833,58.98,65,100,21.74,overcast clouds
627,Ca Mau,VN,9.1769,105.15,74.39,77,100,5.53,overcast clouds
628,Ligayan,PH,4.6533,119.4706,81.28,78,88,8.55,overcast clouds
629,Pochutla,MX,15.7432,-96.4661,88.83,38,0,5.95,clear sky
630,Xuddur,SO,4.1213,43.8894,80.65,24,0,11.27,clear sky
631,Klaksvik,FO,62.2266,-6.589,43.72,84,100,27.81,overcast clouds
632,Howard,US,39.2504,-76.933,52.32,48,52,4.0,broken clouds
633,Buraydah,SA,26.326,43.975,60.75,44,0,8.05,clear sky
634,Kamenka,RU,51.3223,42.7678,15.39,90,63,6.62,broken clouds
635,Irbit,RU,57.6705,63.071,8.17,98,55,5.88,broken clouds
636,Bismarck,US,46.8083,-100.7837,0.64,74,100,4.61,overcast clouds
637,Suslovo,RU,56.2167,88.1167,17.65,91,100,17.13,light snow
638,Mae Hong Son,TH,19.3003,97.9685,67.17,66,91,2.95,overcast clouds
639,Banda Aceh,ID,5.5577,95.3222,76.32,86,100,5.53,light rain
640,Quelimane,MZ,-17.8786,36.8883,78.73,84,65,6.2,broken clouds
641,Vila,PT,42.0304,-8.1588,41.88,68,15,8.25,few clouds
642,Sola,VU,-13.8833,167.55,81.68,74,63,7.72,broken clouds
643,Alyangula,AU,-13.8483,136.4192,80.28,81,99,4.38,light rain
644,Hamilton,US,39.1834,-84.5333,50.65,56,0,12.66,clear sky
645,Stettler,CA,52.3168,-112.7186,-0.26,88,100,15.01,overcast clouds
646,Churapcha,RU,62.0025,132.4325,-52.74,100,94,1.99,overcast clouds
647,Kushima,JP,31.4583,131.2333,30.83,67,1,5.91,clear sky
648,Kumbo,CM,6.2,10.6667,74.46,27,87,1.3,overcast clouds
649,Redwater,US,33.3582,-94.2544,48.49,89,100,9.53,overcast clouds
650,Urubicha,BO,-15.3833,-62.95,80.49,81,100,3.58,overcast clouds
651,Dogondoutchi,NE,13.6393,4.0287,89.8,10,27,11.83,scattered clouds
652,Kiama,AU,-34.6833,150.8667,75.58,91,97,10.0,overcast clouds
653,Sorong,ID,-0.8833,131.25,78.6,84,100,1.43,overcast clouds
654,Husavik,IS,66.0449,-17.3389,37.74,87,100,10.56,overcast clouds
655,Caudry,FR,50.1249,3.4119,36.09,87,16,6.15,few clouds
656,Gotsu,JP,35.0,132.2167,37.85,61,100,16.98,light rain
657,Orange Cove,US,36.6244,-119.3137,52.61,87,0,0.0,mist
658,Baykit,RU,61.67,96.37,0.81,100,100,1.32,overcast clouds
659,Lusambo,CD,-4.9667,23.45,72.61,94,93,3.56,light rain
660,Hami,CN,42.8,93.45,18.28,32,0,1.83,clear sky
661,Alibag,IN,18.6411,72.8792,78.87,86,0,1.43,clear sky
662,Port Moresby,PG,-9.4431,147.1797,76.89,88,45,3.15,scattered clouds
663,Omsukchan,RU,62.5333,155.8,-29.18,97,98,2.77,overcast clouds
664,Teknaf,BD,20.8624,92.3058,69.08,62,0,6.93,clear sky
665,De-Kastri,RU,51.4667,140.7833,-13.85,94,100,9.6,overcast clouds
666,Lakes Entrance,AU,-37.8811,147.981,70.16,71,100,10.13,overcast clouds
667,Gazanjyk,TM,39.2446,55.5154,33.31,68,0,10.78,clear sky
668,Harwich,GB,51.9419,1.2844,42.37,74,55,1.99,broken clouds
669,Abha,SA,18.2164,42.5053,55.65,82,20,6.91,few clouds
670,Togur,RU,58.3631,82.8265,19.78,95,100,9.26,light snow
671,Insch,GB,57.3427,-2.6132,39.47,80,51,6.6,broken clouds
672,Raudeberg,NO,61.9875,5.1352,41.67,21,99,12.73,overcast clouds
673,Sungaipenuh,ID,-2.0833,101.3833,64.63,94,100,2.39,overcast clouds
674,Duluth,US,46.7833,-92.1066,2.52,62,0,8.05,clear sky
675,Kathmandu,NP,27.7167,85.3167,51.84,74,20,3.44,few clouds
676,Tramore,IE,52.1624,-7.1524,47.48,81,40,5.99,scattered clouds
677,Visnes,NO,59.3556,5.2242,43.21,81,20,10.36,few clouds
678,Sorland,NO,67.667,12.6934,39.06,65,100,32.88,overcast clouds
679,Zemio,CF,5.0314,25.1361,85.71,19,39,2.84,scattered clouds
680,Bela Vista,BR,-22.1089,-56.5211,96.55,37,32,5.73,scattered clouds
681,Tsabong,BW,-26.0217,22.401,90.91,26,65,3.11,broken clouds
682,Xichang,CN,27.8964,102.2634,38.7,77,31,3.42,scattered clouds
683,Chimore,BO,-16.9833,-65.1333,88.36,59,100,3.87,overcast clouds
684,La Baneza,ES,42.3003,-5.8977,42.35,62,11,12.95,few clouds
685,Wuda,CN,39.4994,106.7117,20.98,32,0,10.58,clear sky
686,Hede,CN,33.7681,120.2517,28.09,43,0,6.76,clear sky
687,Campoverde,PE,-8.4753,-74.8058,89.29,33,100,4.59,overcast clouds
688,Chipinge,ZW,-20.1883,32.6236,71.24,51,30,1.45,scattered clouds
689,Ulaangom,MN,49.9811,92.0667,-18.69,95,84,2.75,broken clouds
690,Prince Rupert,CA,54.3161,-130.3201,32.09,100,100,2.3,fog
691,Nanakuli,US,21.3906,-158.1547,71.55,68,0,10.36,clear sky
692,Walvis Bay,NA,-22.9575,14.5053,66.09,75,32,10.11,scattered clouds
693,Goure,NE,13.9835,10.2704,87.42,10,100,7.47,overcast clouds
694,Storslett,NO,69.7678,21.0247,33.8,80,20,8.05,few clouds
695,Pelym,RU,61.0108,61.9978,7.74,89,28,6.11,scattered clouds
696,Jieshi,CN,22.8134,115.8257,51.87,53,6,12.5,clear sky
697,Bodden Town,KY,19.2833,-81.25,84.0,67,40,19.57,scattered clouds
698,Henties Bay,NA,-22.116,14.2845,66.04,82,51,11.61,broken clouds
699,Nizhniy Tsasuchey,RU,50.5167,115.1333,10.33,74,83,17.2,broken clouds
700,Puerto Penasco,MX,31.3167,-113.5333,52.92,60,94,5.99,overcast clouds
701,Barra Da Estiva,BR,-13.6261,-41.3269,79.97,49,63,9.13,broken clouds
702,Domoni,KM,-12.2569,44.5319,79.57,85,7,6.13,clear sky
